{
  "preset": "#7",
  "remembered": {
    "Default": {
      "0": {
        "tx": -295.487136558543,
        "ty": 103.03964239226575,
        "tz": 172.3230048464714,
        "rx": -0.5389069437879402,
        "ry": -0.9739710596848878,
        "rz": -0.45929780344672005
      }
    },
    "#1": {
      "0": {
        "tx": -56.35135051588921,
        "ty": 98.19842279984886,
        "tz": 63.75438349630051,
        "rx": 0.4154237579571629,
        "ry": 1.3867701011486644,
        "rz": -0.9509425786475607
      }
    },
    "#2": {
      "0": {
        "tx": -56.67088255224088,
        "ty": 98.19842279984886,
        "tz": 66.19235203620929,
        "rx": 0.5246059004442342,
        "ry": 1.4117700116347072,
        "rz": -0.8553911873920805
      }
    },
    "#3": {
      "0": {
        "tx": 134.98646673628392,
        "ty": 40.46186637779662,
        "tz": 2.880660945738242,
        "rx": -0.1735321466164289,
        "ry": 1.2463971816196318,
        "rz": -1.1901179184187307
      }
    },
    "#4": {
      "0": {
        "tx": 140.89985502110196,
        "ty": 40.46186637779662,
        "tz": 9.43736227623927,
        "rx": 0.705768312753483,
        "ry": 1.2463971816196315,
        "rz": -0.9738506838133557
      }
    },
    "#5": {
      "0": {
        "tx": 131.57123397659691,
        "ty": 68.49236700796462,
        "tz": 59.071229680100146,
        "rx": -0.004815454507622913,
        "ry": 1.4098350487907858,
        "rz": -1.0061520494433076
      }
    },
    "#6": {
      "0": {
        "tx": 127.09500181362579,
        "ty": 25.99497990208007,
        "tz": 22.362366652089257,
        "rx": 1.1040475268151686,
        "ry": 1.0627357887590991,
        "rz": 0.8072618545576661
      }
    },
    "#7": {
      "0": {
        "tx": 86.85396373751598,
        "ty": 14.008845910359119,
        "tz": -14.32568543558943,
        "rx": 0.803005326904856,
        "ry": 0.9857326408836196,
        "rz": 1.1762285516255027
      }
    }
  },
  "closed": false,
  "folders": {}
}
